time,oil,ore,uranium,diamonds,helium-3,rivalium,tanks,aircrafts,missiles,bombers,laser drones
2020-12-13 20:48:54,238,227,2039,1498000,802000,119999,9971,59992,399999,613896,259000000
2020-12-13 21:17:07,241,229,2200,1500000,808000,110000,9961,59899,399999,613894,259000000
2020-12-13 21:19:12,241,229,2199,1500000,808000,110000,9961,59899,399999,613894,259000000
2020-12-13 21:25:07,244,229,2198,1495500,804000,110000,9959,59899,399999,613894,259000000
2020-12-13 21:35:34,241,225,2195,1495500,800000,118750,10,59992,399999,613895,259000000
2020-12-13 21:46:56,240,227,2193,1495500,799000,114999,9954,57999,399999,613900,259000000
2020-12-13 21:56:55,238,220,2199,1493990,799000,114000,9950,57999,399999,613899,259000000
2020-12-13 22:06:50,237,227,2189,1492800,806800,114000,9948,57999,399999,613900,258999000
2020-12-13 22:16:48,239,225,2189,1493990,803000,114000,9950,59899,399999,613900,258999000
2020-12-13 22:27:09,240,224,2099,1493990,800000,106000,9947,59899,399999,605000,258999000
2020-12-13 23:15:33,245,230,2186,1490000,793000,117999,10487,59998,399999,605000,257000000
2020-12-13 23:25:41,242,228,2179,1490000,793000,116000,10483,59998,399999,613900,257000000
2020-12-13 23:35:41,242,227,2178,1470000,803000,110000,10477,55000,399999,613899,256999000
2020-12-13 23:45:43,239,228,2176,1494990,798000,120000,10477,59998,399999,607800,255000000
2020-12-13 23:55:44,240,232,2098,1499000,801999,120998,10497,59997,399999,607795,255000000
2020-12-14 00:06:09,244,235,2089,1499000,800000,120996,10496,60160,399999,607795,254999000
2020-12-14 00:16:12,243,238,2089,1500000,799000,120994,10496,60160,399999,607795,254999000
2020-12-14 00:26:15,238,235,2087,1500000,798990,120993,10493,60160,399999,607795,254999000
2020-12-14 00:36:18,242,234,2084,1499000,798990,120991,10495,60154,399999,607795,254999000
2020-12-14 00:46:20,243,235,2049,1499000,798100,120980,10440,60155,399999,607789,254999000
2020-12-14 00:57:00,245,240,2048,1520000,798100,117999,10395,60100,399999,606000,254999000
2020-12-14 01:07:05,244,239,2045,1529990,795999,116999,10389,60000,399999,605990,254999000
2020-12-14 01:17:05,243,235,2049,1500000,795999,116997,10388,60000,399999,607785,253000000
2020-12-14 01:27:05,241,237,2045,1490000,795999,100000,10380,60000,399999,607785,253000000
2020-12-14 01:37:05,241,235,2043,1534990,795999,115998,10380,59999,399999,607790,253000000
2020-12-14 01:47:27,238,232,2048,1534990,794000,110000,10379,59999,399999,605000,253000000
2020-12-14 01:57:30,238,231,2046,1500000,802800,109999,10400,60154,399999,604999,253000000
2020-12-14 02:07:33,240,229,2046,1530000,802000,111109,10439,60150,399999,604995,253000000
2020-12-14 02:17:33,241,233,2046,1530000,801000,111111,10434,60150,399999,604994,253000000
2020-12-14 02:27:34,244,229,2039,1530000,801000,110000,10438,60966,399999,604995,252000000
2020-12-14 02:37:52,241,233,2037,1500000,800000,111111,10438,60965,399999,604990,252000000
2020-12-14 02:47:54,240,232,2088,1528000,801999,111111,10434,59850,399999,604990,252000000
2020-12-14 02:57:58,243,231,2198,1530000,801000,120980,10428,59850,399999,605000,252000000
2020-12-14 03:08:01,242,236,2188,1527000,802000,119999,10424,59845,399999,604990,252000000
2020-12-14 03:18:09,243,225,2098,1525000,802000,119999,10298,59845,399999,604990,251000000
2020-12-14 08:28:47,244,233,2200,1498900,806990,129999,10999,61998,399989,618993,250000000
2020-12-14 08:38:52,240,236,2199,1500000,806990,129994,10997,61996,399989,618991,249999000
2020-12-14 08:48:52,240,234,2189,1490000,804000,129994,10997,61995,399989,615999,249999000
2020-12-14 10:14:38,239,235,2098,1490000,803888,127000,11250,62000,399989,605999,249990000
2020-12-14 10:24:43,236,235,2099,1490000,803888,127000,10650,61000,399989,605999,249985000
2020-12-14 10:34:41,236,229,2099,1450000,803888,127000,10649,61000,399989,605999,249985000
2020-12-14 10:44:40,234,235,2099,1499000,803888,127000,10648,60999,399989,605999,249985000
2020-12-14 10:54:39,234,234,2070,1499000,803888,125000,11250,60999,399989,605000,249990000
2020-12-14 11:05:02,238,234,2070,1499000,803888,125000,11996,60099,399989,605000,249990000
2020-12-14 11:15:04,240,234,2069,1490000,803000,124993,11899,60099,399989,605000,249990000
2020-12-14 11:25:03,240,234,2069,1490000,802999,124993,11900,60998,399989,606000,249990000
2020-12-14 11:35:02,240,230,2069,1499000,802999,120000,11000,60998,399989,606000,249990000
2020-12-14 11:45:04,240,230,2069,1499000,801999,120000,10500,60000,399989,600000,249990000
2020-12-14 11:55:24,240,230,2069,1499000,801999,124000,10500,60000,399989,600000,249990000
2020-12-14 12:05:26,240,230,2069,1490000,801999,124000,10500,60000,399989,600000,249990000
2020-12-14 12:15:27,240,230,2069,1490000,801999,124000,11900,60998,399989,600000,249990000
2020-12-14 12:25:27,240,234,2070,1490000,801999,129000,11900,60998,399989,600000,249990000
2020-12-14 12:35:27,239,235,2200,1490000,801500,129000,11900,60998,399989,600000,249990000
2020-12-14 12:45:44,248,234,2199,1499000,801500,129000,11900,60998,399989,600000,249990000
2020-12-14 12:52:03,249,234,2199,1499000,801500,128997,11900,60998,399989,600000,249990000
2020-12-14 13:02:28,249,234,2300,1500000,801500,128997,11900,60998,399989,600000,249990000
2020-12-14 13:12:35,250,233,2300,1500000,801500,128997,11900,60998,399989,606000,249990000
2020-12-14 13:22:51,250,233,2300,1500000,801500,128997,11899,60886,399989,605997,249990000
2020-12-14 13:32:53,248,234,2300,1500000,801500,119900,11899,60886,399989,605997,249990000
2020-12-14 13:42:54,244,234,234,1500000,801500,114999,11899,60880,399989,605997,249990000
2020-12-14 13:53:09,244,234,2288,1495000,801500,114000,11000,60000,399989,605997,249990000
2020-12-14 14:03:11,241,234,2275,1500000,801000,114999,11895,58000,399989,600000,250000000
2020-12-14 14:13:11,239,229,2274,1500000,800000,114499,11000,60000,399989,605997,250000000
2020-12-14 14:23:29,242,230,2269,1499000,801500,120000,10500,60000,399989,605997,250000000
2020-12-14 14:33:54,240,230,2269,1499000,801500,114000,10249,59999,399989,605997,250000000
2020-12-14 14:43:55,240,230,2266,1500000,801500,115000,10249,59999,399989,605997,250000000
2020-12-14 14:54:12,240,230,2250,1500000,801500,115000,10245,59999,399989,605995,250000000
2020-12-14 15:04:15,239,219,2239,1500000,801999,115000,10000,59999,399989,605995,250000000
2020-12-14 15:14:15,239,228,2239,1500000,801999,115000,9999,59999,399989,605997,250000000
2020-12-14 15:24:29,234,228,2215,1500000,801999,115000,11900,60000,399989,618000,250000000
2020-12-14 15:34:32,240,226,2200,1500000,801999,129900,10250,59995,399989,617995,250000000
2020-12-14 15:44:31,240,226,2200,1500000,801999,129900,10249,60000,399989,617995,250000000
2020-12-14 15:54:49,241,225,2200,1490000,801999,129900,9999,59999,399989,617995,250000000
2020-12-14 16:04:52,238,220,2200,1480000,801000,128000,9999,59999,399989,620000,250000000
2020-12-14 16:14:54,242,224,2200,1480000,801000,125500,10249,59999,399989,399989,250000000
2020-12-14 16:25:11,248,229,2199,1499000,801999,125000,10249,59998,399989,620000,250000000
2020-12-14 16:35:15,247,228,2196,1498900,801999,124996,10249,61998,399989,619999,250000000
2020-12-14 16:45:15,238,225,2193,1498560,801000,124990,11894,61994,399989,619999,250000000
2020-12-14 16:55:34,239,226,2098,1498550,801000,124988,11895,64990,399989,620000,250000000
2020-12-14 17:05:40,239,224,2096,1498550,800990,124986,11899,65000,399989,619999,250000000
2020-12-14 17:15:44,240,227,2097,1490000,800990,124984,11799,64898,399989,620000,250000000
2020-12-14 17:26:00,241,228,2100,1497550,800990,128998,10250,64897,399989,619999,249999000
2020-12-14 17:36:03,240,227,2098,1497550,801998,125499,10050,64895,399989,619795,250000000
2020-12-14 17:46:47,240,225,2096,1470000,801500,125497,10149,64894,399989,619799,250000000
2020-12-14 18:08:30,240,222,2185,1498000,800999,125494,10250,64749,399989,619789,250000000
2020-12-14 18:18:32,239,222,2178,1498000,800998,123999,10049,64744,399989,619784,250000000
2020-12-14 18:28:33,237,220,2177,1489900,800997,119999,10000,64744,399989,619783,250000000
2020-12-14 18:38:32,238,222,2198,1488000,800996,119997,10250,64744,399989,619782,250000000
2020-12-14 18:48:34,234,224,2209,1488000,800996,118999,11900,64898,399989,619782,250000000
2020-12-14 18:58:34,238,224,2067,1499990,801998,114999,11900,64850,399989,619782,250000000
2020-12-14 19:08:38,235,230,2287,1490000,800999,114993,10500,64849,399989,619782,250000000
2020-12-14 19:18:37,239,229,2199,1495000,800999,114989,10250,64849,399989,600000,250000000
2020-12-14 19:28:38,237,225,2196,1494960,800999,119998,10299,64849,399989,600000,251000000
2020-12-14 19:38:33,240,228,2194,1494960,800999,109999,10200,64980,399989,599999,254998000
2020-12-14 19:53:04,239,229,2189,1485480,800999,127000,10259,64995,399989,619782,252000000
2020-12-14 20:03:15,237,229,2160,1499990,801998,115999,10000,64990,399989,617995,252000000
2020-12-14 20:14:12,240,230,2159,1499000,800000,105999,9950,64989,399989,617993,250000000
2020-12-14 20:25:11,239,229,2156,1485480,801000,111110,11950,64989,399989,617990,254000000
2020-12-14 20:36:15,238,229,2153,1499000,810000,127000,12000,64900,399989,617989,254000000
2020-12-14 20:47:16,239,227,2154,1485480,808999,126998,10249,64899,399989,617994,254000000
2020-12-14 20:58:16,238,227,2152,1495000,804000,120000,10000,64849,399989,617998,253000000
2020-12-14 21:02:06,238,226,2152,1495000,804000,120000,10114,64800,399989,617998,253000000
2020-12-14 21:22:03,239,225,2140,1495000,802000,108000,9990,64799,399989,617994,253000000
2020-12-15 00:31:05,239,233,2096,1500000,802000,116000,9999,59993,399989,617989,253000000
2020-12-15 00:51:06,239,230,2085,1499000,802000,116000,10666,59998,399990,617985,252999000
2020-12-15 12:25:12,247,231,2134,1494000,815000,130000,11881,59998,400649,604999,251000000
2020-12-15 12:35:19,247,231,2132,1494000,815000,130000,11800,59998,400649,604999,251000000
2020-12-15 12:45:15,246,232,2131,1494000,815000,130000,11799,59998,400649,604999,251000000
2020-12-15 12:51:43,246,231,2129,1494000,818000,130000,11799,59998,400649,604999,251000000
2020-12-15 13:01:37,246,233,2198,1495000,818000,130000,11799,59998,400649,604999,251000000
2020-12-15 13:11:33,239,233,2199,1495500,818000,130000,11799,59998,400649,604999,252000000
2020-12-15 13:21:34,239,233,2300,1495500,815000,130000,11799,59998,400649,604999,252000000
2020-12-15 13:31:31,239,232,2289,1495500,815000,118000,10350,59999,400649,604999,252000000
2020-12-15 13:41:29,244,232,2287,1495500,815000,118000,10349,59998,400649,604999,252000000
2020-12-15 13:51:31,240,232,2283,1495500,815000,118000,10348,59998,400649,604999,252000000
2020-12-15 14:01:28,240,232,2279,1495500,815000,118000,10348,59998,400649,604999,252000000
2020-12-15 14:11:23,240,231,2276,1495500,815000,118000,10347,59998,400649,604999,252000000
2020-12-15 14:21:25,240,230,2269,1495500,815000,118000,10347,59998,400649,604999,252000000
2020-12-15 14:31:21,240,230,2265,1495500,815000,117000,10246,59998,400649,604999,251999000
2020-12-15 14:41:13,239,229,2263,1495500,815000,117000,10146,59998,400649,604999,251999000
2020-12-15 14:51:14,240,231,2259,1495500,815000,117000,10099,59998,400649,604999,251999000
2020-12-15 15:01:09,235,228,2254,1494990,811999,116000,10350,59999,400649,604999,251999000
2020-12-15 15:11:07,243,231,2252,1494990,811998,116000,10099,59999,400649,604999,251999000
2020-12-15 15:21:09,245,231,2255,1500000,810000,115199,10250,60000,400649,605000,251999000
2020-12-15 15:31:03,246,231,2251,1500000,809000,116000,10250,59999,400649,604999,251999000
2020-12-15 15:41:01,241,231,2248,1499990,805000,116000,9999,59999,400649,604999,251999000
2020-12-15 15:51:17,242,232,2253,1500000,800000,115000,10249,59999,400649,604999,251999000
2020-12-15 16:01:14,241,231,2249,1500000,802999,115000,9999,59999,400649,605000,251999000
2020-12-15 16:11:09,242,222,2198,1500000,805000,115000,9997,59999,400649,604999,251999000
2020-12-15 16:31:53,245,230,2183,1500000,809000,116000,9993,59999,400649,605997,251999000
2020-12-15 16:41:49,245,230,2175,1499990,809000,116000,9989,59999,400649,605998,251999000
2020-12-15 16:52:08,250,227,2173,1489990,809000,116000,11499,59999,400649,605997,251999000
2020-12-15 17:02:06,248,227,2171,1480000,809000,116000,11882,60000,400649,605997,251999000
2020-12-15 17:12:33,240,226,2100,1499980,809000,119999,11882,59998,400649,605997,251999000
2020-12-15 17:23:46,244,232,2169,1498990,810000,116000,10249,59995,400649,605997,251998000
2020-12-15 17:41:59,240,231,2164,1500000,810000,117000,10250,59995,400649,605997,251998000
2020-12-15 17:51:57,242,232,2149,1499500,809999,117000,10250,59996,400649,609900,251998000
2020-12-15 18:01:54,242,233,2144,1499500,809999,117000,11800,59995,400649,609899,251999000
2020-12-15 18:11:49,242,230,2134,1499500,808999,116998,11799,59996,400649,609899,251999000
2020-12-15 18:21:44,241,230,2131,1499500,799999,116994,10249,59995,400649,609899,251999000
2020-12-15 18:31:38,240,230,2128,1495500,808990,129997,10249,59995,400649,609899,251000000
2020-12-15 18:41:37,243,230,2125,1495500,808990,129994,10246,59995,400649,609899,251000000
2020-12-15 18:51:32,240,227,2120,1488990,808990,129990,10249,59995,400649,609899,251000000
2020-12-15 19:01:29,241,228,2116,1495500,808990,114998,11748,59995,400649,609899,251000000
2020-12-15 19:11:25,245,228,2114,1490000,808990,114994,10250,59995,400649,609899,251000000
2020-12-15 19:21:20,244,226,2112,1499500,808990,114996,11741,59995,400649,609899,251000000
2020-12-15 19:31:14,244,224,2108,1498990,807000,116998,10249,59995,400649,609895,251000000
2020-12-15 19:42:07,235,223,2105,1498990,806989,124999,11730,31111,400649,400649,251000000
2020-12-15 19:52:05,244,226,2105,1490490,805000,117000,10249,59989,400649,609895,251000000
2020-12-15 20:11:53,242,227,2100,1498000,805000,127000,9999,59990,400649,609898,251000000
2020-12-15 20:21:48,247,226,2098,1498000,806989,127000,11599,59989,400649,609898,251000000
2020-12-15 20:31:49,245,226,2095,1497990,800000,125000,10250,59989,400649,609898,251000000
2020-12-15 20:52:04,245,227,2097,1499500,800000,123000,10244,59989,400000,609898,251000000
2020-12-15 21:02:08,243,227,2095,1499000,800000,123000,10243,59989,400000,609898,251000000
2020-12-15 21:12:08,245,225,2090,1499000,806980,111000,10243,59984,400000,609898,251000000
2020-12-15 21:22:08,244,230,2090,1498560,805000,127000,10199,59985,400000,609898,251999000
2020-12-15 21:32:07,244,229,2097,1497000,805000,127000,10243,59990,400000,609898,251999000
2020-12-15 21:42:23,240,230,2096,1493000,804499,110000,10240,59995,400000,609898,251999000
2020-12-15 21:52:26,243,229,2093,1493000,804999,126995,9997,59995,400000,608000,251999000
2020-12-15 22:02:29,249,230,2185,1495500,804998,122000,9996,59995,400000,607999,251999000
2020-12-15 22:12:29,247,229,2183,1495500,804998,119994,9990,59995,400000,607995,251999000
2020-12-15 22:15:04,246,229,2200,1495500,804998,118000,9996,59995,400000,607995,251999000
2020-12-15 22:25:06,244,228,2195,1495500,804998,110000,9994,59995,400000,607994,251999000
2020-12-15 22:35:08,247,228,2190,1495500,806975,112999,9996,59995,400000,607994,251999000
2020-12-15 22:45:16,247,225,2188,1495500,806975,117000,9993,59995,400000,607994,251999000
2020-12-15 22:55:17,240,227,2185,1495500,806975,117000,9996,59995,400000,607994,251999000
2020-12-15 23:05:17,243,227,2178,1495000,806975,116000,10244,59995,400000,607994,251999000
2020-12-15 23:15:35,243,225,2174,1490000,810999,116000,10999,59995,400649,607994,251999000
2020-12-15 23:25:38,249,220,2171,1490000,810999,117000,10996,59996,400650,600000,251999000
2020-12-15 23:35:40,250,230,2168,1490000,810999,117000,10099,59990,400650,607994,251999000
2020-12-15 23:45:51,250,230,2164,1494900,810999,118999,10093,59989,400650,607989,251999000
2020-12-15 23:55:51,249,230,2149,1495000,809999,118999,10092,59989,400649,607988,251999000
2020-12-16 00:05:53,247,228,2149,1494990,820700,115000,10089,59989,400649,607988,251999000
2020-12-16 00:15:44,248,229,2149,1494990,819999,118999,10086,59989,400649,607988,251999000
2020-12-16 00:25:50,245,230,2148,1494000,818000,124000,10087,59998,400649,607988,251999000
2020-12-16 00:35:57,249,229,2146,1494990,818000,124000,10085,59997,400649,607988,251998000
2020-12-16 00:46:06,246,229,2138,1495500,810000,112999,10083,59997,400649,607988,251998000
2020-12-16 00:56:08,239,229,2136,1490000,810000,112999,10083,59997,400649,607989,251998000
2020-12-16 01:06:11,247,230,2135,1490000,810000,120000,10088,59997,400649,607989,251998000
2020-12-16 08:53:12,249,227,2100,1495000,810000,110000,9916,59587,399989,602999,254999000
2020-12-16 09:02:41,247,227,2097,1494000,809000,110000,9923,59587,399989,602999,254999000
2020-12-16 09:12:36,248,226,2095,1490480,808500,110000,9923,59587,399989,602999,254999000
2020-12-16 09:33:37,243,225,2195,1490490,808490,110000,9921,59587,399989,602999,254999000
2020-12-16 09:43:34,241,224,2179,1490490,808299,110000,9917,59587,399989,602999,254999000
2020-12-16 09:53:32,240,225,2177,1495000,1495000,110000,9922,59587,399989,602999,254999000
2020-12-16 10:03:33,250,225,2175,1500000,808298,110000,9924,59587,399989,602999,254999000
2020-12-16 10:13:27,249,225,2167,1500000,808298,110000,9924,59587,399989,602999,254999000
2020-12-16 10:23:23,250,230,2166,1500000,808298,109000,9924,59587,399989,602999,254998000
2020-12-16 10:33:36,245,230,2164,1500000,808298,109000,9924,55000,399989,602999,254998000
2020-12-16 10:43:31,244,224,2162,1500000,808298,109000,9900,55000,399989,602999,254998000
2020-12-16 10:53:27,250,229,2198,1500000,808000,110000,9900,55000,399989,603000,254998000
2020-12-16 11:03:39,249,229,2196,1500000,807000,120000,9000,50000,399989,602999,254900000
2020-12-16 11:13:36,249,225,2189,1500000,807000,120000,9000,50000,399989,602999,254900000
2020-12-16 11:23:33,248,225,2188,1500000,807000,120000,9900,50000,399989,602999,254900000
2020-12-16 11:33:49,248,226,2186,1500000,807000,120000,9949,50000,399989,602999,254900000
2020-12-16 11:43:51,248,226,2184,1500000,807000,120000,9949,59587,399989,602999,254900000
2020-12-16 11:53:48,248,224,2182,1500000,800000,120000,9949,59587,399989,603000,254900000
2020-12-16 12:03:53,248,225,2180,1500000,807000,119000,9983,59587,399989,602999,254900000
2020-12-16 12:13:50,247,225,2178,1495500,807000,119000,9982,59587,399989,602999,254998000
2020-12-16 12:23:45,248,225,2176,1495500,806000,119000,9982,59587,399989,602999,254998000
2020-12-16 12:34:02,248,223,2187,1500000,806000,119000,9982,59587,399989,602999,254998000
2020-12-16 12:44:00,246,225,2185,1500000,806500,119000,9983,59587,399989,602999,254998000
2020-12-16 12:53:55,247,224,2183,1500000,806500,119000,9949,59587,399989,602999,254998000
2020-12-16 13:04:00,247,224,2169,1500000,806500,120000,9949,59587,399989,602999,254998000
2020-12-16 13:13:58,250,224,2167,1505000,806500,120000,9949,59587,399989,602999,254998000
2020-12-16 13:23:53,249,229,2165,1505000,806500,120000,9949,59587,399989,604874,254998000
2020-12-16 13:34:06,248,234,2162,1505000,808298,117000,9949,59587,399989,604999,254998000
2020-12-16 13:44:05,248,233,2160,1505000,808290,117000,9949,59587,399989,604999,254998000
2020-12-16 13:54:01,247,231,2157,1500000,808290,116000,9982,59587,399989,604998,254998000
2020-12-16 14:07:26,247,240,2153,1500000,808290,116000,9980,59499,399989,604800,254998000
2020-12-16 14:17:21,250,240,2152,1499000,808290,117000,9986,59499,399989,604799,254998000
2020-12-16 14:27:16,250,240,2145,1400000,808290,117000,9986,59587,399989,604800,254998000
2020-12-16 14:37:12,247,240,2143,1400000,808290,117000,9987,59587,399989,604799,254998000
2020-12-16 14:42:44,247,240,2148,2148,808290,117000,9987,59587,399989,604799,254998000
2020-12-16 14:52:41,247,240,2146,1499000,808290,117000,9989,59587,399989,604799,254998000
2020-12-16 15:02:36,247,237,2144,1505000,807000,117000,9988,59587,399989,604799,254998000
2020-12-16 15:12:32,240,237,2140,1510000,807000,117000,9998,59587,399989,604799,254998000
2020-12-16 15:22:27,244,234,2137,1510000,806900,117000,9998,59587,399989,604799,254998000
2020-12-16 15:47:55,245,233,2124,1495000,806900,116995,9997,59587,399989,604799,254998000
2020-12-16 15:53:35,244,232,2123,1495000,806900,116995,9997,59587,399989,604799,254998000
2020-12-16 16:03:34,245,231,2121,1495000,806900,115000,9997,59587,399989,604799,254998000
2020-12-16 16:13:29,248,231,2118,1500000,806900,115555,9997,59587,399989,605000,254998000
2020-12-16 16:23:34,245,231,2116,1500000,806900,115550,9900,59550,399989,604999,254998000
2020-12-16 16:33:30,242,229,2099,1498500,806900,115550,10493,59588,399989,604999,254998000
2020-12-16 16:43:28,240,227,2097,1480000,806900,115550,10495,59587,399989,604999,254998000
2020-12-16 16:53:41,243,230,2110,1495000,800000,116999,10485,59578,399989,604999,252999000
2020-12-16 17:03:38,243,230,2108,1494000,808290,119000,10480,59575,399989,604995,252999000
2020-12-16 17:13:40,241,229,2106,1493990,807999,117000,10481,59575,399989,604999,252999000
2020-12-16 17:23:49,240,226,2104,1485000,807999,116999,10481,59574,399989,604999,252999000
2020-12-16 17:33:51,241,226,2117,1490000,806000,116995,10480,59574,399989,604999,252999000
2020-12-16 17:43:54,237,230,2122,1493980,805999,116995,10490,59574,399989,604999,252999000
2020-12-16 17:54:14,240,229,2119,1492560,805500,116995,10490,59574,399989,604999,252999000
2020-12-16 18:04:18,243,228,2116,1492560,805500,116900,10498,59574,399980,604998,252999000
2020-12-16 18:14:19,236,227,2113,1495000,806000,103000,10492,59590,399979,604997,252999000
2020-12-16 18:24:30,238,228,2111,1495000,807000,100500,10395,59500,399979,604900,252999000
2020-12-16 18:34:33,235,227,2099,1495000,807000,105000,10395,59500,399979,604899,252999000
2020-12-16 18:44:35,242,226,2069,1490000,807000,125000,10392,59400,399979,604899,253000000
2020-12-16 18:54:54,237,227,2069,1495000,804000,117000,9995,59590,399979,604899,254998000
2020-12-16 19:04:58,230,226,2065,1479000,804000,116999,9995,59599,399979,604900,254998000
2020-12-16 19:15:03,238,224,2064,1479000,803000,116990,9994,59599,399979,604899,254998000
2020-12-16 19:25:14,238,225,2099,1494000,802999,125000,10492,59994,399979,604997,255094000
2020-12-16 19:35:17,241,221,2097,1494000,802999,106000,10500,60500,399979,605000,255000000
2020-12-16 19:45:20,239,224,2094,1493000,802990,116999,10497,61000,395000,604999,255000000
2020-12-16 19:55:40,239,223,2092,1480000,802990,116000,10493,60999,394999,614974,255000000
2020-12-16 20:05:43,242,223,2088,1478480,802990,114999,10490,60998,394999,614973,255000000
2020-12-16 20:15:46,242,225,2085,1493000,802990,114999,10485,60995,394999,614970,254990000
2020-12-16 20:25:58,241,225,2083,1490000,802985,114999,10483,60995,394999,614970,254900000
2020-12-16 20:36:02,241,224,2069,1491000,802985,117000,10479,60994,394999,614950,254850000
2020-12-16 20:46:14,238,224,2060,1490000,800000,115000,10499,60994,395000,614975,254850000
2020-12-16 20:56:34,237,224,2063,1490000,802985,115000,10395,59800,394999,614890,254850000
2020-12-16 21:06:37,240,224,2062,1490000,802985,115000,10392,59799,394999,614874,254850000
2020-12-16 21:16:40,240,223,2060,1490000,799999,110000,10390,59994,394999,614870,254850000
2020-12-16 21:26:51,239,219,2000,1490000,798999,115000,10000,59994,394999,614889,254850000
2020-12-16 21:36:54,239,227,2019,1490000,799000,115000,10389,59993,394999,614889,253000000
2020-12-16 21:46:58,240,224,2049,1490000,799000,110000,10392,59995,394999,614889,255000000
2020-12-16 21:57:19,240,225,2087,1494000,798999,114000,10392,59994,394999,614889,255000000
2020-12-16 22:07:27,245,226,2089,1493990,799999,110000,10387,59993,394999,614889,255000000
2020-12-16 22:17:30,247,215,2097,1492000,799999,110000,10383,59990,394999,614900,255000000
2020-12-16 22:27:43,244,215,2094,1495000,799999,110000,10378,59990,394999,614898,255000000
2020-12-16 22:37:46,244,226,2092,1494000,799999,110000,10376,59993,394999,614895,255000000
2020-12-16 22:47:50,245,226,2088,1495000,799999,109999,10374,59992,394999,614898,255000000
2020-12-16 22:58:13,242,226,2068,1498490,795000,104999,10370,59992,394999,614898,255000000
2020-12-16 23:08:20,244,226,2066,1498490,794999,112998,10372,59992,394999,614899,255000000
2020-12-16 23:18:26,248,228,2116,1498490,802985,114999,10368,59991,394999,614898,254999000
2020-12-16 23:28:39,245,227,2123,1495500,802985,114300,10365,59995,394999,614895,254999000
2020-12-16 23:38:46,244,228,2120,1493990,802984,114200,10371,59994,394999,614974,254999000
2020-12-16 23:48:48,243,228,2120,1493990,802983,114999,10365,59994,394999,614970,254998000
2020-12-16 23:59:04,245,230,2109,1494990,800000,114997,10364,59994,394999,614959,254998000
2020-12-17 00:09:09,245,230,2097,1489990,801000,113999,10362,61000,394999,614959,254999000
2020-12-17 00:19:31,246,223,2089,1480000,801000,107999,10360,60999,394999,614959,254999000
2020-12-17 00:29:45,245,229,2087,1480000,790000,103999,9898,60995,394999,614954,254998000
2020-12-17 00:40:06,243,227,2095,1470000,790000,102000,9897,60993,394999,614953,254998000
2020-12-17 00:50:12,240,225,2089,1470000,802985,102000,9947,60994,394999,614953,254500000
2020-12-17 01:00:28,249,223,2087,1493000,807990,113999,5000,60990,394999,614954,254500000
2020-12-17 01:10:50,251,223,2086,1492990,807990,114000,9943,60989,395000,614960,254500000
2020-12-17 01:20:57,256,225,2084,1484990,807990,119998,9900,60899,395000,614960,254499000
2020-12-17 03:05:45,240,226,2019,1475000,799000,111000,9997,60889,399899,614968,254493000
2020-12-17 03:08:26,245,226,2099,1480000,798999,111000,9996,60700,399899,614967,254493000
2020-12-17 03:18:25,258,225,2098,1492220,794000,111000,9999,60700,399899,614967,254489000
2020-12-17 03:28:23,253,228,2135,1494000,805000,110999,9800,60699,399899,614965,253000000
2020-12-17 03:38:20,258,232,2133,1490490,804000,110999,9799,60699,399899,614964,253000000
2020-12-17 03:48:27,250,230,2129,1490490,804000,110999,9796,60698,399899,614964,253000000
2020-12-17 03:58:23,247,227,2119,1470000,780000,106000,9794,60696,399899,614964,253000000
2020-12-17 04:08:37,240,231,2117,1470000,780000,110000,9792,60695,399899,614695,253000000
2020-12-17 04:18:35,250,233,2114,1494000,803000,108000,9789,60693,399899,614964,253000000
2020-12-17 04:28:33,250,230,2113,1492220,800000,108000,6700,60000,399899,614964,254489000
2020-12-17 04:38:35,245,229,2128,1489000,800000,110000,10363,59999,399899,620975,254489000
2020-12-17 04:48:39,250,235,2125,1490000,804000,115000,10336,59997,399899,620979,254489000
2020-12-17 04:58:41,259,232,2123,1490000,803000,114000,10395,60695,399899,620979,254489000
2020-12-17 05:09:00,258,230,2121,1490000,804000,114000,10383,60644,399899,620895,254489000
2020-12-17 05:19:05,249,230,2100,1490000,804000,115000,10382,60643,399899,618892,253999000
2020-12-17 05:29:08,247,229,2079,1490000,804000,111111,10382,60643,399899,616890,253000000
2020-12-17 05:39:12,249,230,2075,1490000,807999,117000,10384,60646,399899,616890,252000000
2020-12-17 05:59:17,248,227,2096,1492220,806000,113000,10298,60649,399899,614799,250000000
2020-12-17 06:09:36,247,226,2050,1492220,806000,110000,10296,60700,399899,614799,250000000
2020-12-17 06:19:39,250,226,2096,1492000,805990,105000,10299,60000,399899,618891,250000000
2020-12-17 06:29:42,245,229,2089,1490000,805990,115000,10295,59997,399899,618890,250000000
2020-12-17 06:39:45,200,227,2066,1490000,805000,114444,9700,59995,399899,618890,250000000
2020-12-17 06:49:47,245,227,2088,1492000,805000,114000,9600,58000,399899,618890,253000000
2020-12-17 07:00:07,246,230,2087,1495000,804999,112000,9600,57999,399899,620899,251000000
2020-12-17 07:10:28,245,229,2085,1490000,804999,114444,10197,57999,399899,620894,249999000
2020-12-17 07:20:31,248,230,2086,1488000,807000,105000,10195,59994,399899,620894,249999000
2020-12-17 07:30:34,244,227,2084,1494000,805000,104999,10193,59998,399899,620889,249999000
2020-12-17 07:40:38,242,229,2049,1494000,805000,103000,9700,59997,399899,620889,249999000
2020-12-17 07:51:04,241,230,2047,1494000,804000,114442,10189,59997,399899,620888,249999000
2020-12-17 08:01:08,241,240,2045,1494000,804000,114439,10187,59997,399899,620888,249000000
2020-12-17 08:11:30,241,240,2043,1495000,803999,114439,10186,59997,399899,620887,248000000
2020-12-17 08:21:37,245,232,2041,1494000,803000,114439,10184,59997,399899,615999,248000000
2020-12-17 08:31:39,243,225,2040,1494000,802900,114330,10181,59997,399899,615999,248000000
2020-12-17 08:41:41,243,228,2038,1494000,802900,113999,10181,59997,399899,615999,248000000
2020-12-17 08:51:44,242,228,2078,1494000,802898,113999,10179,59997,399899,615999,247900000
2020-12-17 09:02:29,244,229,2075,1494000,802850,114400,10177,59997,399899,615999,248000000
2020-12-17 09:12:47,244,225,2072,1494000,802850,114399,10174,59997,399899,615999,248000000
2020-12-17 09:22:50,243,224,2070,1492000,802850,114399,10171,59997,399899,615999,248000000
2020-12-17 09:32:56,243,225,2000,1495000,802800,114322,10167,59998,399899,615999,248000000
2020-12-17 09:42:58,243,223,2000,1495000,802000,114322,10196,59997,399899,615999,248000000
2020-12-17 09:53:01,245,227,2085,1497000,802898,114399,10200,59997,399899,615999,248000000
2020-12-17 10:03:04,240,234,2120,1495000,802500,114399,10198,59997,399899,615999,248000000
2020-12-17 10:13:25,245,234,2118,1495000,802500,114399,10195,59997,399899,615999,248000000
2020-12-17 10:23:29,244,233,2116,1495000,800000,114436,10193,59997,399899,615999,248000000
2020-12-17 10:33:31,244,233,2114,1492000,795000,114436,10190,59997,399899,615999,248000000
2020-12-17 10:43:38,243,222,2112,1492000,795000,110000,10188,59997,399899,615999,248000000
2020-12-17 10:53:40,245,222,2111,1492000,795000,110000,10185,59997,399899,615999,248000000
2020-12-17 11:03:47,240,227,2109,1494000,802500,110000,10200,59997,399899,615999,248000000
2020-12-17 11:14:11,240,227,2107,1494000,802000,110000,10197,59997,399899,615999,248000000
2020-12-17 11:24:17,250,230,2105,1494000,802000,114436,10198,60200,399899,620888,248000000
2020-12-17 11:34:20,250,230,2103,1494000,802000,114436,10194,60199,399899,629999,248000000
2020-12-17 11:44:23,250,230,2102,1493800,802000,110000,10191,59999,399899,629999,252000000
2020-12-17 11:54:29,245,230,2100,1493800,802000,114436,10187,59999,399899,629999,252000000
2020-12-17 12:04:32,249,225,2098,1493800,802000,114436,10099,60000,399899,629999,252000000
2020-12-17 12:14:55,244,220,2114,1493800,802000,110000,10097,59999,399899,629999,252000000
2020-12-17 12:25:03,245,225,2112,1494000,807998,114444,10094,59999,399899,629999,252000000
2020-12-17 12:35:06,244,220,2115,1494000,807998,114443,10300,59999,399899,625000,251999000
2020-12-17 12:45:16,248,225,2113,1494000,807998,114443,10296,59999,399899,624999,251999000
2020-12-17 12:55:19,249,228,2112,1494000,807998,114443,10293,59999,399899,624999,251999000
2020-12-17 13:05:28,249,227,2110,1494000,807998,114443,10290,59999,399899,625000,251999000
2020-12-17 13:15:56,248,227,2108,1494000,807998,114443,10287,59999,399899,624999,251999000
2020-12-17 13:26:08,246,226,2099,1495000,807998,114443,10286,59999,399899,624999,251999000
2020-12-17 13:36:15,247,226,2097,1495000,807998,114443,10283,60000,399899,610000,251999000
2020-12-17 13:46:27,247,224,2095,1495000,807998,114443,10279,59999,399899,609999,251999000
2020-12-17 13:56:55,248,225,2092,1499980,807998,114443,10274,59999,399899,599999,251999000
2020-12-17 14:07:36,247,226,2091,1499980,805000,114443,10271,59999,399899,609998,251999000
2020-12-17 14:18:16,248,226,2088,1498890,805000,114443,10269,59997,399899,599999,251999000
2020-12-17 14:28:21,247,225,2086,1498890,805000,114443,10164,59996,399899,599998,251999000
2020-12-17 14:38:33,246,225,2083,1498890,805000,114443,10162,59997,399899,599998,251999000
2020-12-17 14:48:45,245,225,2080,1497000,805000,114443,10160,59997,399899,599998,251999000
2020-12-17 14:58:56,240,225,2050,1497000,805000,114443,10161,59997,399899,599998,251999000
2020-12-17 15:09:35,244,224,2049,1497000,805000,114443,10158,59997,399899,599997,251999000
2020-12-17 15:20:27,245,224,2047,1490490,805000,114443,10148,59997,399899,599998,251999000
2020-12-17 15:30:36,247,224,2070,1490490,805000,114443,10143,59994,399900,599997,251999000
2020-12-17 16:55:49,246,228,2098,1494000,805000,113999,10134,59994,399899,624994,251000000
2020-12-17 17:05:52,247,229,2096,1490000,805000,114999,10137,59992,399899,624995,250999000
2020-12-17 17:15:55,249,229,2092,1490000,805000,114999,10135,59992,399899,624995,250999000
2020-12-17 17:26:14,240,230,2089,1494000,804000,114444,10134,55000,399899,624995,251000000
2020-12-17 17:36:17,245,230,2086,1494000,804000,116900,10162,55000,399899,624994,251999000
2020-12-17 17:46:20,246,230,2084,1493000,804000,116900,10268,59993,399899,624994,251999000
2020-12-17 17:56:24,249,232,2085,1490000,799990,116900,10264,59990,399899,624994,251999000
2020-12-17 18:06:25,247,231,2082,1488000,799988,117000,10263,59990,399899,624994,251999000
2020-12-17 18:16:27,246,226,2080,1488000,807997,116500,10261,59890,399899,624995,251999000
2020-12-17 18:26:29,245,225,2081,1488000,799899,115999,10260,59889,399899,624994,252000000
2020-12-17 18:36:31,246,219,2079,1488000,798888,115990,10300,59889,399899,624994,252000000
2020-12-17 18:46:33,245,219,2020,1480000,794770,116580,9800,59889,399899,624994,252000000
2020-12-17 18:56:37,245,225,2074,1487990,794759,116400,10498,59889,399899,624994,252000000
2020-12-17 19:06:40,246,227,2070,1486000,798776,116399,9898,59888,399899,621000,252000000
2020-12-17 19:16:42,240,225,2070,1493000,798776,116300,9668,59886,399899,620998,252000000
2020-12-17 19:26:46,240,223,2049,1490000,798770,116250,9549,59884,399898,620995,251999000
2020-12-17 19:36:47,246,225,2046,1489800,804979,116300,9648,59879,399898,620993,251999000
2020-12-17 19:46:50,246,227,2046,1485000,810000,119996,9643,59874,399898,620984,255996000
2020-12-17 19:56:59,246,225,2071,1485000,807888,117000,9640,59872,399898,620981,255996000
2020-12-17 20:07:30,245,228,2068,1485000,803888,120000,9643,59870,399898,620981,255996000
2020-12-17 20:17:32,249,226,2069,1489790,803888,125000,10049,59878,399898,620979,255949000
2020-12-17 20:27:35,243,225,2097,1490000,799999,126000,9699,58999,399898,619999,255940000
2020-12-17 20:37:37,243,227,2094,1490000,799998,118500,9700,58996,399898,619998,255939000
2020-12-17 20:47:41,241,225,2020,1490000,800000,115000,9698,58997,399898,619997,255938000
2020-12-17 20:57:47,245,225,2018,1485000,799800,116000,9499,58993,399898,619994,255600000
2020-12-17 21:07:51,230,225,2016,1400000,797999,116000,9496,58991,390000,610000,255500000
2020-12-17 21:17:57,245,224,2015,1479990,802999,113000,9493,58989,390000,609988,255498000
2020-12-17 21:27:59,247,224,2013,1479000,802999,109000,9492,58991,390000,609987,255498000
2020-12-17 21:37:56,246,224,2011,1477000,798000,108500,9495,58995,399898,600000,255498000
2020-12-17 21:48:00,239,227,2009,1477000,794000,108500,9494,58994,399898,599999,255498000
2020-12-17 21:58:12,240,226,2007,1477000,803899,109800,9500,58993,399898,599999,255497000
2020-12-17 22:08:16,244,227,2005,1470000,799888,113000,9498,58990,399898,619999,255497000
2020-12-17 23:43:17,246,227,2020,1478000,804960,110000,9696,58995,399899,604992,255485000
2020-12-17 23:48:23,244,226,2050,1470000,799999,113000,9696,58995,399899,604992,255485000
2020-12-17 23:58:26,244,223,2046,1470000,800888,109000,9694,58993,399899,604990,255485000
2020-12-18 02:58:41,242,225,2037,1466690,799888,112900,9926,58993,399899,604979,255478000
2020-12-18 03:08:57,243,225,2035,1485480,800000,110000,9940,58992,399899,605000,255477000
2020-12-18 03:19:00,237,228,2033,1450000,800000,113000,9699,59879,399899,604999,255399000
2020-12-18 03:29:04,247,227,2099,1479990,800000,112999,9699,59878,399899,604999,255399000
2020-12-18 10:57:30,242,223,2016,1490000,801999,115000,9999,59868,399899,599999,250000000
2020-12-18 11:07:34,249,228,2014,1490000,801999,114999,10000,59868,399899,600000,250000000
2020-12-18 18:05:35,243,222,2015,1475000,799900,103997,9992,59799,399899,600899,252994000
2020-12-18 18:15:37,230,221,2013,1475000,803999,114896,9998,59799,399899,600899,252993000
2020-12-18 18:26:16,243,226,2009,1470000,798999,114896,9996,59799,399899,600899,252993000
2020-12-18 18:36:19,242,224,2010,1470000,798998,114000,9995,59799,399899,600995,252992000
2020-12-18 18:46:30,238,224,2008,1470000,798997,114000,9990,59799,399899,600994,252991000
2020-12-18 18:57:56,240,223,2020,1478480,799000,114896,9988,59799,399899,600995,252992000
2020-12-18 19:08:39,245,222,2082,1465000,799888,114896,9998,59799,399899,609999,252992000
2020-12-18 19:19:03,246,225,2081,1460000,798890,112000,9997,59798,399899,610000,252992000
2020-12-18 19:29:06,245,223,2100,1475000,799888,118500,9993,59797,399899,609999,252992000
2020-12-18 19:39:16,243,222,2119,1470000,798000,118500,9990,59796,399899,609999,252992000
2020-12-18 19:49:19,245,223,2080,1469000,797000,118500,9499,59796,399899,609998,252992000
2020-12-18 19:59:17,243,222,2077,1469000,797777,118500,9443,59797,399899,609997,252992000
2020-12-18 20:09:48,243,222,2075,1469000,797879,118500,9442,59797,399899,609995,252992000
2020-12-18 20:19:52,242,221,2065,1469000,800000,118500,9443,59798,399899,609996,252991000
2020-12-18 20:29:53,243,222,2062,1469000,799000,118000,9443,59798,399899,609996,252991000
2020-12-18 20:40:13,244,222,2058,1465080,798888,126998,9989,59797,399899,609995,252991000
2020-12-18 20:50:17,241,222,2056,1465000,798000,129999,9983,59798,399899,609995,252991000
2020-12-18 21:00:27,240,222,2047,1465000,796000,129998,9979,59797,399899,609990,252991000
2020-12-18 21:11:01,243,221,2039,1465080,794000,128000,9977,59797,399899,609989,252991000
2020-12-18 21:21:16,243,222,2048,1460000,792000,121999,9900,59700,399899,599900,252991000
2020-12-18 21:31:23,243,221,2046,1469000,795000,114500,9900,59699,399899,599900,252901000
2020-12-18 21:41:48,243,224,2043,1469000,793999,114500,9899,59698,399899,599899,252901000
2020-12-18 21:51:52,245,224,2044,1470000,793887,110000,9700,59697,399899,599895,252600000
2020-12-18 22:01:56,244,224,2042,1470000,798888,111000,9700,59697,399899,609990,252899000
2020-12-18 22:12:26,240,225,2039,1465000,798887,110000,9700,59697,399899,609989,252899000
2020-12-18 22:22:31,240,220,2036,1465000,798878,110000,9970,59698,399899,609989,252898000
2020-12-18 22:32:37,242,224,2075,1465000,798878,110000,9968,59879,399899,609880,252897000
2020-12-18 22:42:56,241,215,2080,1467780,798878,107000,9965,59879,399899,609989,252897000
2020-12-18 22:53:04,242,223,2078,1480000,796888,107000,9699,59880,399899,609989,252897000
2020-12-18 23:03:10,244,225,2070,1489900,799999,110000,9697,59879,399899,609989,252897000
2020-12-18 23:13:39,245,225,2068,1489900,799888,112999,9695,59878,399899,609989,252897000
2020-12-18 23:23:47,243,223,2066,1464440,799888,110000,9694,59877,399899,609989,252897000
2020-12-18 23:33:53,246,225,2064,1464440,799886,109000,9693,59877,399899,609989,252897000
2020-12-18 23:44:18,240,223,2038,1464440,798888,101111,9498,59800,399899,609899,252897000
2020-12-18 23:54:27,239,220,2020,1490000,798000,108000,9499,59877,399899,609899,252898000
2020-12-19 00:04:32,240,224,2000,1489000,796000,108000,9693,59877,399899,609900,252897000
2020-12-19 00:14:54,242,225,2036,1489000,798000,108000,9694,59877,399899,618998,252898000
2020-12-19 00:24:59,240,222,2034,1488800,799998,103000,9697,59876,399899,618000,252897000
2020-12-19 00:35:03,240,219,2019,1483700,803000,101100,9698,59875,399899,618999,252897000
2020-12-19 00:57:08,240,218,2036,1483000,799000,108000,9900,59876,399899,620990,252897000
2020-12-19 01:07:10,243,220,2100,1490000,797000,108000,9998,59876,399899,639900,252896000
2020-12-19 01:17:12,244,225,2299,1489000,797999,107998,9992,59877,399899,634000,252897000
2020-12-19 01:27:30,245,225,2089,1496990,797900,107994,9992,59877,399899,634000,252896000
2020-12-19 01:37:34,244,218,2087,1495750,797700,107000,9991,59877,399899,633995,252897000
2020-12-19 01:47:35,246,226,2085,1490490,795000,105999,9990,59878,399899,633995,252897000
2020-12-19 01:57:54,240,225,2069,1490480,787500,104000,9989,59878,399900,633999,252896000
2020-12-19 02:08:00,240,221,2068,1490480,786000,100000,9986,59878,399900,633999,252896000
2020-12-19 02:18:04,242,225,2065,1489000,784000,100000,9984,59877,399900,633997,252897000
2020-12-19 02:28:26,244,225,2063,1488000,797500,104999,9983,59877,399900,633997,252896000
2020-12-19 02:38:28,244,225,2065,1488000,800000,107996,9977,59877,399899,633000,252897000
2020-12-19 02:48:31,242,224,2065,1485560,799999,107997,9975,59876,399899,632999,252897000
2020-12-19 02:53:33,241,224,2064,1485000,799999,107995,9975,59876,399899,632999,252897000
2020-12-19 03:03:37,243,224,2078,1485560,799999,106000,9973,59875,399899,632999,252897000
2020-12-19 03:13:39,244,220,2050,1485000,803000,103999,9970,59876,399899,633998,252897000
2020-12-19 06:13:32,245,224,2086,1480000,795000,109995,9996,59899,399899,645000,252800000
2020-12-19 06:23:38,245,222,2048,1470000,795000,115000,9700,59899,399899,644000,252801000
2020-12-19 06:33:39,240,221,2046,1479990,801888,114450,9700,9700,59897,644000,252801000
2020-12-19 08:58:18,245,223,2190,1494000,801000,113730,9989,57991,399899,632985,250899000
2020-12-19 09:00:54,245,223,2190,1494000,800000,113730,9989,57991,399899,632985,250899000
2020-12-19 09:11:32,245,219,2189,1490000,799999,113730,9988,57991,399899,632985,250996000
2020-12-19 09:21:35,248,220,2190,1490000,799998,113730,9988,57990,399899,632990,250995000
2020-12-19 09:32:07,248,225,2190,1480000,795000,110000,9988,57988,399899,635999,250995000
2020-12-19 09:42:40,248,220,2190,1480000,799000,105000,9988,57989,399899,635999,250995000
2020-12-19 09:52:42,250,225,2220,1480000,799000,112000,9988,57985,399899,635998,250900000
2020-12-19 10:03:02,250,225,2220,1479990,799000,799000,9987,57984,399899,635998,250900000
2020-12-19 10:14:12,245,225,2219,1490000,799000,112000,9987,57984,399899,634999,250900000
2020-12-19 10:24:15,250,225,2219,1490000,799000,113730,9987,57984,399899,634999,250900000
2020-12-19 10:34:33,250,225,2021,1490000,799000,113730,9987,57984,399899,634999,250900000
2020-12-19 10:45:31,249,225,2021,1494000,799000,113730,9987,57984,399899,634999,250900000
2020-12-19 11:06:26,249,222,2021,1460000,798999,110000,9987,57990,399899,634995,250900000
2020-12-19 11:16:31,249,220,2200,1460000,798999,110000,9987,57990,399899,634994,250900000
2020-12-19 11:27:06,248,220,2200,1494000,799998,113730,9988,57990,399899,634995,250900000
2020-12-19 11:37:27,248,225,2200,1494000,799998,113730,9987,57988,399899,634994,250900000
2020-12-19 11:47:31,248,224,2192,1500000,799998,113730,9986,57988,399899,626999,250900000
2020-12-19 11:57:36,250,225,2189,1500000,799998,113730,9986,58000,399899,626999,250900000
2020-12-19 12:07:59,245,224,2100,1500000,799998,113730,9986,59995,399899,626999,250900000
2020-12-19 12:18:31,250,220,2100,1500000,798000,111000,9986,9986,399899,627000,250900000
2020-12-19 12:28:35,250,220,2100,1500000,798000,111000,9986,59994,399899,626999,250900000
2020-12-19 12:49:31,250,223,2100,1500000,799998,112000,9986,59994,399899,626999,250900000
2020-12-19 12:59:40,245,223,2100,1500000,799998,112000,9986,59994,399899,626999,250900000
2020-12-19 13:10:34,244,223,2100,1500000,799998,113750,9986,59994,399899,626999,250900000
2020-12-19 13:20:39,244,225,2100,1500000,799998,113750,9987,59994,399899,626999,250900000
2020-12-19 13:41:07,247,221,2100,1500000,799998,113750,9984,59994,399899,626999,250900000
2020-12-19 13:51:16,250,221,2100,1500000,799998,113750,9984,59992,399899,624999,250900000
2020-12-19 14:01:49,253,222,2100,1500000,799997,113749,9984,59992,399899,624999,250900000
2020-12-19 14:12:02,253,223,2100,1495000,799997,113749,9984,59992,399899,624999,250900000
2020-12-19 14:32:11,250,220,2100,1495000,799000,113000,9984,59992,399899,624999,250900000
2020-12-19 14:53:30,235,220,2090,1495000,799997,112993,9979,59992,399899,624994,250900000
2020-12-19 15:03:36,234,220,2100,1495000,799980,112990,9977,59992,399899,624993,250900000
2020-12-19 15:13:47,244,218,2100,1495000,799980,112986,9977,59992,399899,624992,250996000
2020-12-19 15:24:29,244,220,2100,1495000,799980,112982,9977,59992,399899,624992,250996000
2020-12-19 15:44:55,230,219,2090,1493900,799980,112976,9976,59992,399899,624992,250996000
2020-12-19 15:55:00,232,219,2088,1492000,799980,113746,9975,59992,399899,624992,250996000
2020-12-19 16:05:36,235,220,2088,1491000,799980,113742,9974,59992,399899,624990,250996000
2020-12-19 16:16:04,241,219,2080,1490000,799970,113739,9969,59991,399899,624989,250996000
2020-12-19 16:26:41,235,219,2077,1490000,799000,113735,9967,59990,399899,624989,250996000
2020-12-19 16:36:51,243,220,2080,1491000,797888,113731,9897,59899,399899,624899,250996000
2020-12-19 16:47:04,245,225,2080,1493800,797888,113726,9900,59899,399899,624899,250996000
2020-12-19 16:57:38,241,225,2050,1493800,797880,113723,9898,59899,399899,624987,250996000
2020-12-19 17:07:43,243,225,2050,1495000,797000,113719,9897,59900,399900,624988,250996000
2020-12-19 17:18:28,240,226,2050,1495000,796770,113715,9895,59899,399900,624986,250996000
2020-12-19 17:28:39,242,220,2020,1495000,799000,113711,9599,59799,399899,624900,250996000
2020-12-19 17:49:21,250,228,2088,1495000,799888,113704,9894,59798,399899,624899,252000000
2020-12-19 17:59:28,247,223,2090,1495000,799888,111989,9895,59991,399899,624895,252000000
2020-12-19 18:09:38,247,222,2078,1495000,799880,101995,9895,59995,399899,624895,252000000
2020-12-19 18:20:10,238,219,2000,1495000,798880,110000,9891,59994,399899,623999,252990000
2020-12-19 18:30:25,242,222,2018,1494000,801000,110987,9894,59899,399899,623800,252988000
2020-12-19 18:40:40,241,225,2009,1494000,801000,110983,9693,59898,399899,623894,252987000
2020-12-19 18:51:35,244,224,2007,1490000,800000,110979,9690,59898,399899,623894,252987000
2020-12-19 19:01:40,240,225,2005,1495000,794000,109900,9985,59898,399899,624000,252987000
2020-12-19 19:11:46,238,220,2000,1489000,793888,107998,9099,59898,399899,624986,252987000
2020-12-19 19:22:14,242,224,2019,1488000,798999,107999,9995,59898,399899,624985,252987000
2020-12-19 19:32:21,243,224,2059,1488000,797000,109000,9998,59899,399900,623999,252987000
2020-12-19 19:42:28,244,225,2050,1485000,798799,108800,108800,59799,399900,623899,252901000
2020-12-19 19:52:46,240,224,2047,1485000,799888,111000,9987,59799,399899,617999,252900000
2020-12-19 20:02:53,240,225,2046,1485000,795000,110000,9987,59799,399899,617999,252899000
2020-12-19 20:12:59,242,220,2000,1485000,795000,108000,9983,59800,399899,617995,252898000
2020-12-19 20:23:17,240,225,1999,1484500,798000,107000,9978,59799,399899,617990,252788000
2020-12-19 20:33:25,242,225,2000,1489000,796000,107000,9975,59799,399899,617988,252788000
2020-12-19 20:43:34,240,223,2000,1489000,796800,107000,9700,59799,399899,617985,252788000
2020-12-19 20:53:52,240,223,2049,1489000,796000,107000,9698,59799,399899,617988,252788000
2020-12-19 21:03:59,240,224,2039,1460000,794888,110000,9695,59799,399899,617987,252499000
2020-12-19 21:14:10,239,222,2037,1460000,794999,109800,9973,59800,399899,617987,252499000
2020-12-20 11:36:06,246,224,2116,1498890,794000,114999,9998,59995,399899,614896,252899000
2020-12-20 11:46:22,246,224,2114,1497890,797645,114999,10149,64800,399980,614899,252987000
2020-12-20 11:56:34,246,223,1999,1496000,797645,114000,10146,64799,399979,614899,252987000
2020-12-20 12:07:02,249,223,1999,1496000,797600,114000,10099,63000,399979,614897,252987000
2020-12-20 12:17:09,249,223,2108,1496000,796000,113999,10098,62998,399979,614895,252987000
2020-12-20 12:27:22,249,223,2108,1496000,796000,113999,10096,62997,399979,611000,252987000
2020-12-20 12:37:49,240,223,1999,1496000,796000,113999,10096,62996,399979,610998,252987000
2020-12-20 12:48:04,232,223,1999,1496000,795000,113999,10093,62995,399979,610997,252987000
2020-12-20 12:58:15,231,223,1999,1496000,795000,113999,10090,62994,399979,610996,252987000
2020-12-20 13:08:48,232,223,2106,1497890,794500,113999,10087,62993,399979,610995,252988000
2020-12-20 13:18:59,245,224,1999,1497890,794500,113999,10084,62991,399979,610995,252988000
2020-12-20 13:29:05,246,222,1999,1497890,796000,113000,10081,62991,399979,610995,252988000
2020-12-20 13:39:27,246,222,1999,1497000,795999,113000,10078,62989,399979,610994,252988000
2020-12-20 13:49:42,246,225,1999,1497000,795998,113000,10073,62990,399979,610993,252990000
2020-12-20 13:59:48,244,225,1999,1497000,795998,113000,10072,62989,399979,610993,252990000
2020-12-20 14:10:20,245,225,1999,1497890,795800,113000,10070,62989,399979,610993,252989000
2020-12-20 14:20:31,245,245,225,1495000,795798,113000,10063,62987,399979,610992,252989000
2020-12-20 14:31:34,246,224,1999,1495000,795798,113000,10058,62985,399979,610989,252990000
2020-12-20 14:42:29,241,224,1999,1495000,794000,113000,10053,62984,399979,610987,200000000
2020-12-20 14:52:36,242,221,2019,1495000,795800,113000,10047,62983,399979,610986,200000000
2020-12-20 15:03:08,250,221,2017,1493000,795800,111500,10045,62984,399979,610985,200000000
2020-12-20 15:13:42,250,223,2015,1489000,795000,111500,10042,62983,399979,610984,252990000
2020-12-20 15:24:01,247,223,2012,1488000,795000,111500,10037,62799,399979,610982,252990000
2020-12-20 15:34:47,243,222,2011,1488000,795000,111500,10035,62798,399979,610981,250000000
2020-12-20 15:45:43,247,225,2009,1488000,794889,111500,10030,62794,399979,610980,250000000
2020-12-20 15:56:09,240,225,2007,1487500,794848,111500,10028,62792,399979,399979,250000000
2020-12-20 16:06:32,239,225,2014,1487500,794848,111500,10026,62791,399979,610977,250000000
2020-12-20 16:17:32,244,224,2089,1487000,794847,111499,10021,62791,399979,610977,252990000
2020-12-20 16:28:29,240,224,2085,1486990,794847,111495,10018,62791,399979,610978,252990000
2020-12-20 16:39:30,245,224,2083,1489000,796888,111491,10063,62792,399979,610977,252990000
2020-12-20 16:50:30,244,225,2080,1489000,793997,111487,9995,62789,399979,610999,252990000
2020-12-20 17:22:31,245,222,2114,1479000,800980,109997,9980,62782,399979,614991,252989000
2020-12-20 17:33:48,240,221,2111,1476000,800949,108996,9976,62779,399979,614987,252989000
2020-12-20 17:44:55,242,223,2025,1445000,800847,107999,9974,62780,399979,614985,252989000
2020-12-20 17:55:23,240,224,2098,1470000,794000,107995,9663,62773,399979,614979,252989000
2020-12-20 18:06:55,244,223,2115,1469000,799887,109000,9659,62770,399979,614973,252989000
2020-12-20 18:17:49,243,221,2107,1478000,794888,109998,9658,62771,399979,614975,252989000
2020-12-20 18:29:24,240,222,2103,1477700,793888,109994,9656,62769,399979,614964,252988000
2020-12-20 18:40:21,249,221,2049,1489000,794000,109900,9654,62772,399979,614962,252986000
2020-12-20 18:51:50,243,224,2045,1485560,792000,109750,9649,62769,399979,614954,252986000
2020-12-20 19:02:48,243,223,2043,1488900,791999,108900,9655,62769,399979,614948,252989000
2020-12-20 19:14:21,249,224,2100,1488890,793000,8000,9655,62766,399979,614946,252989000
2020-12-20 19:25:01,250,224,2096,1477000,792000,114495,9650,62764,399979,614942,252989000
2020-12-20 19:36:00,250,224,2076,1477000,791888,112999,9650,62764,399979,614943,252989000
2020-12-20 19:43:24,248,224,2075,1488890,799999,112897,9666,62762,399979,614900,252987000
2020-12-20 19:50:39,247,219,2072,1484000,794887,112894,9664,62762,399979,614899,252987000
2020-12-20 20:01:03,249,220,2070,1483750,794883,112893,9660,62762,399979,614898,252987000
2020-12-20 20:12:46,248,224,2068,1480000,794000,112000,9659,62762,399979,614820,252987000
2020-12-20 20:23:14,248,224,2048,1480000,794440,110000,9657,62762,399979,614819,252987000
2020-12-20 20:34:19,246,223,2077,1479880,799900,113000,9655,62762,399979,614815,252987000
2020-12-20 20:44:56,243,220,2058,1478000,795999,113000,9499,62773,399979,614810,252987000
2020-12-20 20:55:45,239,225,2105,1480000,795777,113000,9655,62699,399979,614809,252987000
2020-12-20 21:06:14,248,221,2101,1480000,794899,114999,9600,62600,399979,399979,252988000
2020-12-20 21:17:38,248,223,2099,1485000,790000,112000,9500,62598,399979,614815,252988000
2020-12-20 21:28:08,240,223,2096,1475000,787599,113000,9500,62598,399979,614809,252988000
2020-12-20 21:39:31,245,224,2094,1466670,780000,103000,9501,62596,399979,614809,254997000
2020-12-20 22:46:54,243,222,2062,1460000,792000,117700,9660,62499,399979,611000,254997000
2020-12-20 22:57:54,239,222,2060,1459000,789000,112000,9997,62499,399979,610999,254997000
2020-12-20 23:09:04,243,224,2065,1459000,791889,112000,9994,62500,399979,610999,254995000
2020-12-20 23:20:06,245,220,2062,1460000,801995,112000,9992,62499,399979,610999,254994000
2020-12-20 23:31:12,246,224,2058,1489000,792000,110000,9899,62800,399979,610900,254993000
2020-12-21 01:37:51,239,223,2099,1465460,799000,105998,9991,62983,399999,610999,254495000
2020-12-21 01:48:58,245,225,2050,1488890,798888,104999,9987,62982,399999,610994,254494000
2020-12-21 02:00:17,245,222,2048,1486000,796599,105000,9984,62981,399999,610994,254494000
2020-12-21 02:10:53,238,224,2099,1480000,800000,104999,9990,64993,399999,610990,254493000
2020-12-21 02:21:25,246,224,2088,1488890,796000,111000,9700,64992,399999,610989,254490000
2020-12-21 02:32:23,244,223,2086,1488850,794700,111000,9999,64991,399999,610895,254400000
2020-12-21 02:43:41,250,224,2084,1488850,790000,110999,9700,64899,399999,610894,254400000
2020-12-21 02:54:12,243,223,2081,1488890,791600,110000,9998,64898,399999,610894,254398000
2020-12-21 03:04:43,244,222,2078,1486990,801995,118000,9996,64898,399999,610850,254396000
2020-12-21 03:27:51,242,225,2049,1485000,787500,112900,9699,64895,399999,399999,254393000
2020-12-21 03:38:32,241,227,2039,1486980,784498,110000,9993,64895,399999,614799,254393000
2020-12-21 03:49:23,244,228,2141,1499900,784500,109000,9998,64897,399999,619799,254392000
2020-12-21 04:00:02,240,228,2137,1490490,803499,109000,9999,60000,400000,615000,254391000
2020-12-21 04:10:46,247,229,2149,1450000,803489,115000,9994,58999,400000,614994,254390000
2020-12-21 04:21:39,247,230,2130,1494900,785000,115000,10000,63000,400000,614994,254390000
2020-12-21 04:32:59,246,229,2124,1494800,790000,117000,9999,62999,399999,614994,254000000
2020-12-21 04:43:44,246,228,2107,1494800,790887,117000,10049,62999,399999,614994,253999000
2020-12-21 04:54:21,243,227,2106,1480000,785000,116500,10047,62999,399999,614995,253998000
2020-12-21 05:05:07,243,226,2104,1489000,799995,117999,10045,62599,399999,615000,253000000
2020-12-21 05:16:02,245,225,2001,1488800,783995,112000,9995,12000,399999,614995,253000000
2020-12-21 05:26:47,245,229,2000,1494800,780000,110000,9993,62300,399999,614995,253000000
2020-12-21 05:38:09,248,233,2170,1500000,779800,109000,9995,63500,399999,614995,252999000
2020-12-21 05:49:16,249,235,2160,1510000,777800,109000,9990,64000,399999,614990,253000000
2020-12-21 06:00:04,248,235,2157,1498890,781500,117000,9990,63500,399999,614990,253000000
2020-12-21 06:11:21,246,235,2155,1496000,780800,117000,9980,63000,399998,614989,253000000
2020-12-21 06:22:07,246,235,2099,1497000,770000,108000,9978,63200,399998,614985,253000000
2020-12-21 06:32:55,245,234,2094,1470010,765000,108000,9974,63199,399998,614980,253000000
2020-12-21 06:44:12,245,237,2089,1494000,773000,107000,9975,63199,399998,614979,253000000
2020-12-21 08:42:52,247,223,2017,1485000,796000,118500,9993,62997,399999,610969,252992000
2020-12-21 08:53:37,245,225,2021,1485000,789500,118500,10050,62997,399999,610969,252992000
2020-12-21 09:04:24,241,225,2100,1485480,797554,118000,10050,62997,399999,610969,252992000
2020-12-21 09:15:35,246,225,2019,1485480,789500,106000,10100,60999,399999,610969,252989000
2020-12-21 09:26:20,246,225,2000,1485480,795000,118000,10049,60999,399999,610969,252988000
2020-12-21 09:37:40,245,224,2018,1485480,794000,118000,10047,60999,399999,610969,252988000
2020-12-21 09:49:04,244,225,2100,1485480,792500,117500,10047,60999,399999,608999,252988000
2020-12-21 10:00:29,244,225,2100,1489000,792400,117500,10044,59999,399999,608999,252988000
2020-12-21 10:11:32,244,220,2098,1489000,796500,117500,7000,59997,399999,608999,252988000
2020-12-21 10:22:21,242,226,2096,1490000,796500,117500,10047,59995,399999,608999,252988000
2020-12-21 10:33:49,243,225,2094,1490000,796500,118000,10909,59665,399999,608999,252988000
2020-12-21 10:44:45,243,225,2092,1490000,796500,118000,11730,59665,399999,609000,252988000
2020-12-21 10:56:20,245,226,2100,1490000,795000,119000,11727,59665,399999,609000,252988000
2020-12-21 11:07:12,244,226,2098,1490000,795000,119000,11725,59665,399999,609000,252988000
2020-12-21 11:18:22,248,226,2095,1490000,794000,119000,11649,59665,399999,609000,252988000
2020-12-21 11:29:16,248,225,2093,1490000,794000,119000,11249,59665,399999,605000,252988000
2020-12-21 11:40:05,248,225,2092,1490000,794000,119000,11248,59665,399999,605000,252988000
2020-12-21 11:50:57,246,225,2090,1490000,793999,118998,11246,59665,399999,605000,252988000
2020-12-21 12:03:02,246,225,2087,1490000,793999,118998,10999,59665,399999,609000,252988000
2020-12-21 12:14:30,242,225,2084,1490000,793999,118998,10100,59999,399999,609000,252988000
2020-12-21 12:25:23,245,225,2082,1490000,793999,118997,10098,60000,399999,609000,252989000
2020-12-21 12:36:15,245,225,2080,1490000,793999,118997,11729,59999,399999,609000,252989000
2020-12-21 12:47:06,244,225,2079,1490000,793999,119000,11727,59999,399000,609000,252989000
2020-12-21 12:58:05,246,225,2077,1490000,798000,119000,10499,59999,399000,608000,252989000
2020-12-21 13:09:35,244,219,2019,1490000,799000,119000,10499,63000,399000,608000,252989000
2020-12-21 13:20:30,245,220,2017,1490000,798000,116000,10399,62220,399999,608000,252990000
2020-12-21 13:31:20,244,218,2016,1488890,797900,110000,10393,62220,399999,607999,252990000
2020-12-21 14:39:17,235,223,2009,1488890,797800,115900,10339,62220,399999,604998,252989000
2020-12-21 14:50:09,240,222,2007,1488890,795000,119000,10335,62999,399999,604997,252989000
2020-12-21 15:01:46,241,220,2005,1488890,794998,119000,10200,62999,399999,604996,252989000
2020-12-21 15:12:41,240,223,2003,1488890,794998,119000,10196,63189,399998,604994,252989000
2020-12-21 15:23:32,241,225,2000,1488890,794998,118999,10190,63180,399998,604990,252989000
2020-12-21 15:34:26,241,225,2086,1485000,797800,115000,10186,63176,399998,604987,252989000
2020-12-21 15:46:44,240,223,2082,1484000,794800,115000,10179,63172,399998,604982,252989000
2020-12-21 15:57:42,241,220,2080,1483000,797700,115000,10174,63171,399998,604979,252989000
2020-12-21 16:08:37,242,222,2076,1484000,794998,113000,10173,63170,399998,604988,252989000
2020-12-21 16:20:13,242,221,2073,1484000,797600,114000,10169,63167,399998,604986,252989000
2020-12-21 16:31:47,242,224,2077,1484000,797600,113998,10163,63097,399998,604983,252989000
2020-12-21 16:42:45,240,223,2072,1484000,796400,113330,10095,63093,399998,604981,252989000
2020-12-21 16:55:02,240,225,2048,1484000,796000,112000,9998,63091,399998,604980,252989000
2020-12-21 17:06:08,240,225,2030,1480000,794800,118999,9998,63089,399998,604979,252989000
2020-12-21 17:17:09,242,224,2019,1470000,800000,118997,9695,63085,399998,604977,252987000
2020-12-21 17:28:16,242,220,1998,1470000,799000,117000,9695,63083,399998,604974,252985000
2020-12-21 18:21:51,241,217,2006,1470000,796999,105000,9594,63085,399998,604969,252979000
2020-12-21 19:13:37,243,223,2001,1465000,796999,104996,9979,64992,399997,605994,252974000
2020-12-21 19:24:41,230,222,2000,1464000,797998,100000,9976,64999,399997,605994,252974000
2020-12-21 19:35:55,240,218,2000,1450000,795000,102000,9700,64994,399997,605990,252974000
2020-12-21 19:46:44,244,224,2000,1461000,793899,104990,9999,68999,399997,605994,252974000
2020-12-21 19:57:41,244,222,2000,1479990,799000,104987,9995,68998,399997,605994,252970000
2020-12-21 20:08:44,245,225,2000,1480000,796000,104978,10191,68995,399997,605994,252970000
2020-12-21 20:19:52,243,225,2000,1480000,796000,104978,10182,68992,399997,605989,252970000
2020-12-21 20:30:48,244,223,1999,1480000,800000,104980,9699,68991,399998,605988,252969000
2020-12-21 20:41:45,245,223,1999,1479990,799890,118000,9697,68988,399998,605987,252969000
2020-12-21 22:57:41,242,225,2019,1480000,797900,105000,9799,64993,399998,607989,252963000
2020-12-21 23:09:20,242,222,2025,1487000,797000,102000,9797,64991,399998,607988,252963000
2020-12-21 23:20:30,243,220,2022,1487000,800000,100000,10347,64998,399998,607988,252963000
2020-12-21 23:31:18,245,225,2020,1485480,797999,101100,10490,64890,399998,607984,252963000
2020-12-21 23:42:49,246,223,2015,1487000,794998,100000,10483,64886,399998,607979,252963000
2020-12-21 23:53:52,245,220,2015,1487000,794998,103000,10479,64886,399998,607979,252963000
2020-12-22 00:05:08,244,224,2024,1487000,800000,102000,10479,64880,399998,607979,252962000
2020-12-22 00:16:52,243,223,2000,1487000,804999,100000,10476,59000,399998,607979,250000000
2020-12-22 00:28:01,244,223,2030,1480000,810000,100000,10473,59000,399998,607979,252962000
2020-12-22 03:24:50,249,226,1997,1489900,792000,101999,9885,63895,399999,599878,252959000
2020-12-22 03:29:29,249,224,1997,1485000,792000,101998,9880,63894,399999,599875,252960000
2020-12-22 03:39:36,247,224,1979,1470000,791554,101996,9874,63890,399999,599872,252960000
2020-12-22 03:49:43,250,225,2029,1485000,791500,100000,9874,62998,399999,599874,252960000
2020-12-22 03:59:52,245,223,2000,1489900,799888,100000,9794,62897,399999,599874,252959000
2020-12-22 04:09:59,242,225,2008,1489900,792000,100000,9982,62895,399999,599874,252959000
2020-12-22 04:20:03,242,225,1970,1489790,799800,100000,9978,62898,399999,599874,252959000
2020-12-22 04:30:45,240,224,1970,1484500,799500,101000,9972,63888,399999,599874,252958000
2020-12-22 04:40:53,241,223,1970,1484500,795000,100997,9965,63800,399999,599750,252958000
2020-12-22 04:51:01,243,226,2008,1480000,799888,100997,9963,63886,399999,599645,251000000
2020-12-22 05:01:05,242,225,2040,1480000,804009,100993,9991,63000,399999,600000,251000000
2020-12-22 05:11:09,244,226,2038,1460000,804000,100998,9985,62997,399999,599994,251000000
2020-12-22 05:21:17,244,223,2038,1470000,800000,100994,9982,62990,399999,599991,251000000
2020-12-22 05:31:47,245,226,2036,1470000,797890,100989,9992,62986,399999,599994,251000000
2020-12-22 05:41:56,240,225,2035,1470000,797700,100986,9985,62984,399999,599991,251000000
2020-12-22 05:52:04,243,223,2019,1489790,809000,100000,9975,62987,399999,599988,251000000
2020-12-22 06:02:13,244,224,2036,1489790,802000,100000,9968,62983,399999,599985,251000000
2020-12-22 06:12:29,244,225,2029,1489900,802000,100000,9961,62977,399999,598978,251000000
2020-12-22 06:22:37,242,224,1958,1488890,799500,100977,9954,62971,399999,596974,251000000
2020-12-22 06:33:06,248,224,2029,1488880,798444,100973,9941,62962,399999,593963,251000000
2020-12-22 06:43:17,246,225,2018,1488880,802000,100977,9932,62955,399999,591959,250999000
2020-12-22 06:53:29,246,223,2009,1487780,800000,100975,9925,62950,399999,589956,250999000
2020-12-22 07:03:36,250,225,2030,1487000,798999,100976,9934,62945,399999,589956,251000000
2020-12-22 07:13:46,249,222,1970,1485560,798000,100973,9948,62942,399999,589956,251000000
2020-12-22 07:23:56,249,223,2048,1486000,794000,100973,9946,62939,399999,595969,251000000
2020-12-22 07:34:26,249,223,2046,1470000,793900,100000,9929,62919,399999,595965,251000000
2020-12-22 07:44:38,249,223,2039,1486000,793900,100000,9926,62916,399999,595962,250999000
2020-12-22 07:54:47,249,223,2037,1486560,793789,100000,9921,62913,399999,600000,250999000
2020-12-22 08:04:51,249,220,2036,1487000,790000,99999,9917,62911,399999,599998,250998000
2020-12-22 08:15:04,248,223,2034,1485480,793900,99999,9918,62909,399999,599995,250998000
2020-12-22 08:25:14,248,220,2032,1480000,793000,99999,9913,62908,399999,599993,250997000
2020-12-22 08:35:47,248,220,2019,1485480,792999,99999,9908,62918,399999,599990,250997000
2020-12-22 08:45:54,246,224,2018,1485480,792999,99999,9898,62916,399999,599983,250000000
2020-12-22 08:55:59,240,223,1950,1485480,793900,99999,9896,62914,399999,599980,249999000
2020-12-22 09:06:12,240,223,1950,1480000,793000,99999,9894,62912,399999,599978,249998000
2020-12-22 09:16:18,249,223,1950,1450000,793000,99999,9898,62910,399999,599974,250000000
2020-12-22 09:26:24,249,220,2040,1480000,793000,99999,9927,62908,399999,599972,250000000
2020-12-22 09:36:52,247,219,2021,1480000,793000,99999,9989,62907,399999,599969,250000000
2020-12-22 09:47:00,249,219,1950,1480000,793000,99999,9985,62903,399999,599966,250000000
2020-12-22 09:57:12,247,219,1950,1480000,793000,99999,9981,62900,399999,599963,250000000
2020-12-22 10:07:18,247,224,1950,1487000,793000,99999,9977,62897,399999,599959,250000000
2020-12-22 10:17:24,247,224,1950,1488880,793900,99999,9973,62894,399999,599957,250000000
2020-12-22 10:27:30,242,224,1950,1486000,793000,99999,9963,62891,399999,599953,249999000
2020-12-22 10:37:58,241,224,1949,1486000,792999,99999,9958,62888,399999,599950,249999000
2020-12-22 10:48:09,241,224,1949,1486000,792999,99999,9954,62884,399999,599947,249999000
2020-12-22 10:58:21,240,224,2017,1485900,793900,99999,9951,62882,399999,599946,249999000
2020-12-22 11:08:27,242,224,2013,1485900,797777,99999,9948,62879,399999,599943,249999000
2020-12-22 11:18:38,244,225,2010,1485900,797000,100000,9943,62876,399999,599940,249999000
2020-12-22 11:28:48,244,224,2006,1485900,797000,100972,9938,62830,399999,599939,250000000
2020-12-22 11:39:21,244,224,2003,1485900,797000,100972,9934,62828,399999,599937,249999000
2020-12-22 11:49:41,247,224,2001,1480000,797000,100972,9929,62825,399999,599934,249999000
2020-12-22 12:00:04,248,222,1930,1480000,797000,101995,9924,62822,399999,599931,249999000
2020-12-22 12:10:24,242,216,2000,1486000,797000,101000,9920,62819,399999,599928,249999000
2020-12-22 12:20:39,242,215,1999,1485000,797000,101000,9916,62817,399999,599925,249999000
2020-12-22 12:30:55,241,216,1999,1485000,797000,101000,9910,62814,399999,599921,249999000
2020-12-22 12:41:40,245,216,1999,1480000,797000,101000,9905,62812,399999,599919,249999000
2020-12-22 12:52:00,244,222,1999,1479990,797000,101000,9900,59100,399999,599916,250000000
2020-12-22 13:02:27,244,222,1999,1479990,795000,104000,9898,58100,399999,599914,250000000
2020-12-22 14:35:40,246,225,2064,1490000,792000,99999,9975,62787,400700,599895,252959000
2020-12-22 14:45:55,240,223,2059,1490000,791999,99999,9970,62784,400699,599892,252959000
2020-12-22 15:21:05,245,218,1929,1490000,796000,101900,9955,62785,400699,599884,252959000
2020-12-22 15:31:30,243,220,2046,1490000,795000,100000,9953,62781,400699,599881,252959000
2020-12-22 15:41:57,244,219,1929,1489990,794998,100000,9949,62779,400699,599984,252959000
2020-12-22 15:52:48,245,219,2044,1489990,794700,101000,9943,62775,400699,599981,252959000
2020-12-22 16:03:14,245,218,2039,1489990,793000,101100,9941,62597,400699,599978,252959000
2020-12-22 16:13:34,244,218,2029,1488890,792000,100000,9939,62593,400699,599976,252959000
2020-12-22 16:24:30,242,216,2025,1485000,791888,100000,9935,62589,400699,599973,252959000
2020-12-22 16:35:00,250,222,2024,1484000,792000,100000,9951,62779,400699,599970,252959000
2020-12-22 16:45:38,250,220,1999,1483000,794222,99999,9949,62775,400699,599970,252959000
2020-12-22 20:41:28,243,222,1998,1465000,789500,99998,9894,62399,400699,599993,252000000
2020-12-22 20:51:49,243,218,1998,1475000,789000,99998,9890,62397,400699,599991,252000000
2020-12-22 21:02:06,243,222,1999,1475000,789500,99999,9893,62395,400699,600000,251999000
2020-12-22 21:12:27,242,220,1998,1474000,789500,99000,9699,62393,400699,599998,251999000
2020-12-22 21:22:49,241,222,1998,1474000,789500,99000,9697,62391,400699,599996,252000000
2020-12-22 21:33:05,243,219,1998,1450000,789500,99000,9694,62389,400699,599994,252000000
2020-12-22 21:43:42,243,218,1998,1474000,785000,98000,9692,62400,400699,599992,252000000
2020-12-22 21:54:08,242,222,1998,1470470,784999,99000,9689,62488,400699,599990,252000000
2020-12-22 22:04:36,243,224,1999,1470000,780000,98000,9691,62943,400699,599988,252000000
2020-12-22 22:15:09,245,224,1996,1477990,780000,100000,9689,62941,400699,599986,252000000
2020-12-22 22:25:41,245,221,1996,1489990,800999,98000,9687,62939,400699,599984,251500000
2020-12-22 22:36:09,242,220,1998,1480000,800000,98000,9684,62937,400699,599982,251500000
2020-12-22 22:47:04,241,221,1997,1479000,795000,98000,9680,62935,400699,599979,251500000
2020-12-22 22:58:09,244,221,1997,1480000,804000,98000,9681,62958,400699,599978,251498000
2020-12-22 23:08:48,242,220,2000,1475480,799888,98000,9677,52918,400699,599976,251497000
2020-12-22 23:19:34,245,216,1999,1470000,799887,96000,9674,62918,400699,599976,251496000
2020-12-22 23:30:23,246,220,1998,1475480,794999,96000,9600,62915,400699,599974,251496000
2020-12-22 23:41:31,248,221,1997,1474950,800000,88000,9946,62912,400699,599972,251495000
2020-12-23 04:07:47,244,222,1996,1450000,799880,100000,10495,63992,399999,599998,251400000
2021-02-15 19:07:09,249,217,2091,1695000,775000,146999,10777,57982,405000,650000,292000000
